Species,CommonName,Genus,Family
Acanthus mollis,"Bear's Breeches, Sea Dock, Bear's Foot Plant, Sea Holly, Oyster Plant",Acanthus,Acanthaceae
Acer rubrum,"Red Maple, Swamp Maple, Soft Maple",Acer,Sapindaceae
Achillea millefolium,"Common Yarrow, Milfoil",Achillea,Asteraceae
Actaea pachypoda,"White Baneberry, Doll's Eyes",Actaea,Ranunculaceae
Actinotus helianthi,Flannel Flower,Actinotus,Apiaceae
Adenium obesum,Desert Rose,Adenium,Apocynaceae
Aesculus flava,"Yellow Buckeye, Sweet Buckeye, Yellow Horsechestnut, Common Buckeye",Aesculus,Sapindaceae
Agalinis tenuifolia,"Slender Gerardia, Slenderleaf False Foxglove",Agalinis,Orobanchaceae
Agave virginica,"Eastern Agave, Virginian Agave, Eastern False Aloe, Rattlesnake-master",Agave,Asparagaceae
Ageratum houstonianum,"Flossflower, Bluemink, Blueweed, Pussy Foot, Mexican Paintbrush",Ageratum,Asteraceae
Agrimonia gryposepala,"Tall Hairy Agrimony, Common Agrimony, Hooked Agrimony, Tall Hairy Grooveburr",Agrimonia,Rosaceae
Agrimonia parviflora,"Southern Agrimony, Harvest Lice, Swamp Agrimony, Small-flowered Agrimony",Agrimonia,Rosaceae
Ailanthus altissima,Tree-of-Heaven,Ailanthus,Simaroubaceae
Albizia julibrissin,"Silk Tree, Mimosa",Albizia,Fabaceae
Alcea rosea,Common Hollyhock,Alcea,Malvaceae
Alchemilla mollis,Lady's Mantle,Alchemilla,Rosaceae
Allamanda cathartica,"Golden Trumped, Common Trumpetvine, Yellow Allamanda",Allamanda,Apocynaceae
Alliaria petiolata,Garlic Mustard,Alliaria,Brassicaceae
Allium acuminatum,"Tapertip Onion, Hooker's Onion",Allium,Amaryllidaceae
Allium canadense,"Wild Garlic, Meadow Garlic",Allium,Amaryllidaceae
Allium cepa,Onion (wild),Allium,Amaryllidaceae
Allium cernuum,"Nodding Wild Onion, Nodding Onion, Allegheny Onion",Allium,Amaryllidaceae
Allium roseum,Rosy Garlic,Allium,Amaryllidaceae
Allium sativum,Garlic (wild),Allium,Amaryllidaceae
Allium schoenoprasum,Chives (wild),Allium,Amaryllidaceae
Allium simillimum,"Simil Onion, Dwarf Onion",Allium,Amaryllidaceae
Allium stellatum,"Glade Onion, Prairie Onion, Cliff Onion, Autumn Onion, Lady's Leek, Wild Onion",Allium,Amaryllidaceae
Amaranthus hypochondriacus,Prince's Feather,Amaranthus,Amaranthaceae
Ambrosia artemisiifolia,"Common Ragweed, Annual Ragweed, Small Ragweed, Roman Wormwood",Ambrosia,Asteraceae
Ambrosia trifida,"Great Ragweed, Buffalo Weed, Horseweed, Giant Ragweed, Tall Ambrosia",Ambrosia,Asteraceae
Amelanchier laevis,"Allegheny Serviceberry, Smooth Serviceberry",Amelanchier,Rosaceae
Amelanchier utahensis,"Utah Serviceberry, Pale Serviceberry, Western Serviceberry",Amelanchier,Rosaceae
Amianthium muscitoxicum,"Fly Poison, Stagger Grass",Amianthium,Melanthiaceae
Amorpha canescens,"Leadplant, Downy Indigo Bush, Prairie Shoestring, Buffalo Bellows",Amorpha,Fabaceae
Amorpha fruticosa,"Indigobush, False Indigo Bush, Desert False Indigo, Tall Indigo-bush",Amorpha,Fabaceae
Amphicarpaea bracteata,American Hogpeanut,Amphicarpaea,Fabaceae
Amsinckia menziesii,"Common Fiddleneck, Menzie's Fiddleneck, Rancher's Fiddleneck",Amsinckia,Boraginaceae
Anaphalis margaritacea,"Pearly Everlasting, Western Pearly Everlasting",Anaphalis,Asteraceae
Anemone acutiloba,"Sharp-lobed Hepatica, Liverleaf, Liverwort",Anemone,Ranunculaceae
Anemone americana,"Round-lobed Hepatica, Liverleaf",Anemone,Ranunculaceae
Anemone coronaria,Poppy Anemone,Anemone,Ranunculaceae
Anemone piperi,"Piper's Anemone, Windflower",Anemone,Ranunculaceae
Anemone quinquefolia,"Wood Anemone, Nightcaps, Twoleaf Anemone",Anemone,Ranunculaceae
Anemone virginiana,"Thimbleweed, Tall Anemone",Anemone,Ranunculaceae
Angelica triquinata,"Mountain Angelica, Filmy Angelica",Angelica,Apiaceae
Antennaria plantaginifolia,"Plantain-leaf Pussytoes, Woman's Tobacco",Antennaria,Asteraceae
Antennaria solitaria,"Solitary Pussytoes, Singlehead Pussytoes",Antennaria,Asteraceae
Anthemis cotula,"Mayweed, Stinking Chamomile, Dog Fennel",Anthemis,Asteraceae
Antirrhinum majus,Common Snapdragon,Antirrhinum,Plantaginaceae
Apios americana,"Groundnut, Potato Bean, Indian Potato, Virginia Potato, Wild Bean, Wild Sweet Potato",Apios,Fabaceae
Aplectrum hyemale,"Puttyroot Orchid, Adam and Eve",Aplectrum,Orchidaceae
Aquilegia canadensis,"Eastern Red Columbine, Wild Columbine",Aquilegia,Ranunculaceae
Arctostaphylos uva-ursi,Bearberry,Arctostaphylos,Ericaceae
Arisaema dracontium,"Green Dragon, Dragonroot",Arisaema,Araceae
Arisaema quinatum,"Prester John, Jack-in-the-Pulpit, Preacher John, Southern Jack-in-the-Pulpit, Five-leaved Jack-in-the-Pulpit",Arisaema,Araceae
Arisaema triphyllum,"Jack-in-the-Pulpit, Indian Turnip, Jack in the Pulpit,",Arisaema,Araceae
Arnoglossum reniforme,Great Indian Plantain,Arnoglossum,Asteraceae
Aruncus dioicus,"Goatsbeard, Eastern Goatsbeard, Bride's Feathers",Aruncus,Rosaceae
Asarum canadense,"Common Wild Ginger, Canadian Wild Ginger",Asarum,Aristolochiaceae
Asclepias incarnata,"Swamp Milkweed, Western Swamp Milkweed, Pink Milkweed, Eastern Swamp Milkweed",Asclepias,Apocynaceae
Asclepias quadrifolia,Fourleaf Milkweed,Asclepias,Apocynaceae
Asclepias syriaca,"Common Milkweed, Purple Milkweed, Butterfly Flower, Silkweed, Silky Swallow-Wort, Virginia Silkweed",Asclepias,Apocynaceae
Asclepias tuberosa,"Butterfly Milkweed, Butterfly Weed, Pleurisy Root, Orange Milkweed",Asclepias,Apocynaceae
Asclepias variegata,"White Milkweed, Redring Milkweed, Variegated Milkweed",Asclepias,Apocynaceae
Asclepias verticillata,Whorled Milkweed,Asclepias,Apocynaceae
Asclepias viridis,"Antelope-Horn Milkweed, Green Antelopehorn, Spider Milkweed, Green Milkweed",Asclepias,Apocynaceae
Asparagus officinalis,Asparagus (wild),Asparagus,Asparagaceae
Astilbe biternata,"Appalachian False Goat's Beard, False Goatsbeard,",Astilbe,Saxifragaceae
Astragalus canadensis,"Canada Milkvetch, Little Rattlepod",Astragalus,Fabaceae
Astragalus schmolliae,Schmoll's Milkvetch,Astragalus,Fabaceae
Astranthium integrifolium,"Western Daisy, Entireleaf Western Daisy, Eastern Western Daisy",Astranthium,Asteraceae
Aubrieta deltoidea,Purple Rock Cress,Aubrieta,Brassicaceae
Aureolaria pectinata,"Southern Fernleaf False Foxglove, Southern Oak-leech, Cut-leaved Gerardia, Combleaf Yellow False Foxglove",Aureolaria,Orobanchaceae
Balsamorhiza sagittata,Arrowleaf Balsamroot,Balsamorhiza,Asteraceae
Bellis perennis,Common Daisy,Bellis,Asteraceae
Bidens aristosa,"Bearded Beggarticks, Tickseed Sunflower, Bur Marigold",Bidens,Asteraceae
Bidens bipinnata,"Spanish Needles, Spanish Needles Beggars Ticks",Bidens,Asteraceae
Bidens pilosa,"Shepherd's Needles ,Spanish Needles, Romerillo, Common Beggar's-tick, Hairy Beggarticks, Cobbler's Pegs",Bidens,Asteraceae
Bignonia capreolata,"Cross Vine, Trumpet Flower, Crossvine, Quarter Vine",Bignonia,Bignoniaceae
Blepharipappus scaber,"Rough Eyelashweed, Blepharipappus, Rough Blepharipappus",Blepharipappus,Asteraceae
Boechera laevigata,"Smooth Rockcress, Common Smooth Rock Cress",Boechera,Brassicaceae
Brassica napus,Rapeseed,Brassica,Brassicaceae
Brassica nigra,Black Mustard,Brassica,Brassicaceae
Brassica oleracea,Wild Cabbage,Brassica,Brassicaceae
Brassica rapa,Field Mustard,Brassica,Brassicaceae
Brugmansia arborea,Angel's Trumpet,Brugmansia,Solanaceae
Bryophyllum delagoense,"Chandelier Plant, Common Mother of Millions, Mother of Thousands, Christmas bells, Tingo Tango",Bryophyllum,Crassulaceae
Buchnera americana,"Blue Hearts, American Bluehearts, Prairie Bluehearts, Plains Bluehearts",Buchnera,Orobanchaceae
Calendula officinalis,Marigold,Calendula,Asteraceae
Callicarpa americana,"American Beautyberry, French Mulberry",Callicarpa,Lamiaceae
Callistephus chinensis,"China Aster, Annual Aster",Callistephus,Asteraceae
Calochortus bruneaunis,"Bruneau Mariposa Lily, Pinyon Mariposa",Calochortus,Liliaceae
Calopogon tuberosus,"Common Grass Pink, Bearded Pink, Swamp Pink, Tuberous Grass Pink, Meadow Gift",Calopogon,Orchidaceae
Calycanthus floridus,"Eastern Sweetshrub, Sweet Shrub, Carolina Allspice, Strawberry Shrub, Sweet Bubby Bush",Calycanthus,Calycanthaceae
Calypso bulbosa,"Calypso Orchid, Fairy Slipper, Venus Slipper, Angel Slipper, Deer's Head Orchid",Calypso,Orchidaceae
Calystegia sepium,"Hedge Bindweed, Hedge False Bindweed",Calystegia,Convolvulaceae
Camassia quamash,"Small Camas, Quamash",Camassia,Asparagaceae
Camassia scilloides,"Wild Hyacinth, Atlantic Camas",Camassia,Asparagaceae
Campanula divaricata,"Southern Harebell, Small Bonny Bellflower, Southern Bellflower, Southern Bluebell",Campanula,Campanulaceae
Campanula latifolia,Giant Bellflower,Campanula,Campanulaceae
Campanula rotundifolia,"Bluebell Bellflower, Bluebell, Harebell, Bluebell-of-Scotland, Blue Rain Flower, Heathbells, Witches Thimbles",Campanula,Campanulaceae
Campanulastrum americanum,"Tall Bellflower, American Bellflower",Campanulastrum,Campanulaceae
Campsis radicans,"Trumpet Vine, Trumpet Creeper, Hummingbird Vine, Cow Itch, Hell Vine, Devil's Shoestring",Campsis,Bignoniaceae
Cardamine angustata,Slender Toothwort,Cardamine,Brassicaceae
Cardamine concatenata,Cutleaf Toothwort,Cardamine,Brassicaceae
Cardamine dissecta,"Forkleaf Toothwort, Thread Leafed Toothwort, Fineleaf Toothwort",Cardamine,Brassicaceae
Cardamine hirsuta,"Hairy Bittercress, Hoary Bittercress, Lamb's Cress, Spring Cress, Flickweed",Cardamine,Brassicaceae
Cardamine pratensis,Cuckoo Flower,Cardamine,Brassicaceae
Cardiospermum halicacabum,"Balloon Vine, Love in a Puff, Heartseed",Cardiospermum,Sapindaceae
Carduus nutans,"Bristle Thistle, Musk Thistle, Nodding Thistle, Nodding Plumeless Thistle",Carduus,Asteraceae
Castilleja coccinea,"Scarlet Indian Paintbrush, Scarlet Paintbrush, Painted Cup, Prairie Fire",Castilleja,Orobanchaceae
Castilleja covilleana,"Rocky Mountain Indian Paintbrush, Coville Indian Paintbrush",Castilleja,Orobanchaceae
Castilleja linariifolia,"Wyoming Paintbrush, Narrow-leaved Indian Paintbrush, Desert Paintbrush",Castilleja,Orobanchaceae
Caulophyllum thalictroides,Blue Cohosh,Caulophyllum,Berberidaceae
Ceanothus americanus,"New Jersey Tea, Wild Snowball, Mountain Sweet, Redroot",Ceanothus,Rhamnaceae
Centaurea cyanus,"Bachelor's Button, Bluebottle, Cornflower, Garden Cornflower",Centaurea,Asteraceae
Centrosema virginianum,"Spurred Butterfly Pea, Climbing Butterfly Pea, Wild Blue Vine, Virginia Centro, Butterflypea",Centrosema,Fabaceae
Cephalanthus occidentalis,"Buttonbush, Common Buttonbush, Button Ball, Riverbush, Honey-bells, Button Willow",Cephalanthus,Rubiaceae
Cercis canadensis,Eastern Redbud,Cercis,Fabaceae
Cevallia sinuata,Stinging Serpent,Cevallia,Loasaceae
Chaenactis douglasii,"Dusty Maidens, Douglas' Dustymaiden, Chaenactis, Douglas False Yarrow",Chaenactis,Asteraceae
Chamaecrista fasciculata,"Partridge Pea, Sleepingplant",Chamaecrista,Fabaceae
Chamaecrista nictitans,"Sensitive Partridge Pea, Wild Sensitive Plant, Sensitive Pea",Chamaecrista,Fabaceae
Chamaelirium luteum,"Fairy Wand, Devil's Bit, False Unicorn Root, Blazing Star, Grubroot, Squirrel Tail, Rattlesnake-root",Chamaelirium,Melanthiaceae
Chamerion angustifolium,"Fireweed, Narrow-leaf fireweed, Willow Herb, Rosebay Willow Herb, Blooming Sally",Chamerion,Onagraceae
Chelone lyonii,"Red Turtlehead, Pink Turtlehead, Lyon's Turtlehead, Appalachian Turtlehead",Chelone,Plantaginaceae
Chimaphila maculata,"Spotted Wintergreen, Pipsissewa, Striped Wintergreen, Striped Prince's Pine, Striped Prince's Plume, Dragon's Tongue",Chimaphila,Ericaceae
Chionanthus virginicus,"Fringe-tree, White Fringetree, Old Man's Beard, Grancy graybeard",Chionanthus,Oleaceae
Chrysanthemum leucanthemum,Oxeye Daisy,Chrysanthemum,Asteraceae
Chrysogonum virginianum,Green and Gold,Chrysogonum,Asteraceae
Chrysopsis mariana,Maryland Golden Aster,Chrysopsis,Asteraceae
Cichorium intybus,Chicory,Cichorium,Asteraceae
Cimicifuga racemosa,"Black Cohosh, Black Bugbane, Black Baneberry, Black Snakeroot, Fairy Candle",Cimicifuga,Ranunculaceae
Cirsium hookerianum,"Hooker's Thistle, White Thistle",Cirsium,Asteraceae
Cirsium horridulum,"Yellow Thistle, Common Yellow Thistle, Spiny Thistle, Bigspine Thistle, Southern Yellow Thistle, Horrible Thistle",Cirsium,Asteraceae
Cirsium vulgare,"Bull Thistle, Spear Thistle",Cirsium,Asteraceae
Cistus x incanus,Rock Rose,Cistus,Cistaceae
Citrus deliciosa,Tangerine,Citrus,Rutaceae
Citrus maxima,Pomelo,Citrus,Rutaceae
Citrus paridisi,Grapefruit,Citrus,Rutaceae
Citrus trifoliata,Trifoliate Orange,Citrus,Rutaceae
Citrus x aurantiifolia,Key Lime,Citrus,Rutaceae
Citrus x aurantium,Orange,Citrus,Rutaceae
Citrus x latifolia,Lime,Citrus,Rutaceae
Citrus x limon,Lemon,Citrus,Rutaceae
Clarkia pulchella,"Pinkfairies, Ragged Robin, Deerhorn Clarkia, Beautiful Clarkia",Clarkia,Onagraceae
Claytonia caroliniana,"Carolina Spring Beauty, Wide-leaved Spring Beauty",Claytonia,Caryophyllaceae
Claytonia lanceolata,"Lanceleaf Spring Beauty, Western Spring Beauty",Claytonia,Caryophyllaceae
Claytonia perfoliata,"Miner's Lettuce, Indian Lettuce, Winter Purslane",Claytonia,Caryophyllaceae
Claytonia virginica,"Virginia Spring Beauty, Narrow-leaved Spring Beauty",Claytonia,Caryophyllaceae
Cleistesiopsis bifaria,"Upland Spreading Pogonia, Appalachian Small Spreading Pogonia, Small Spreading Pogonia, Small Rosebud Orchid, Funnel Crest",Cleistesiopsis,Orchidaceae
Clematis hirsutissima,"Vase-flower, Sugarbowl, Leather-flower, Hairy Clematis",Clematis,Ranunculaceae
Clematis ligusticifolia,"Western Clematis, Western White Clematis, Western Virgin's Bower, Creek Clematis, Old Man's Beard, Pepper Vine",Clematis,Ranunculaceae
Clematis occidentalis,"Western Virgin's Bower, Western Blue Virginsbower, Mountain Clematis, Purple Clematis, Purple Virgin's-bower",Clematis,Ranunculaceae
Clematis terniflora,"Sweet Autumn Clematis, Sweet Autumn Virginsbower, Leatherleaf Clematis, Yam-leaved Clematis",Clematis,Ranunculaceae
Clematis viorna,"Leather Vasevine, Leather Flower, Vasevine",Clematis,Ranunculaceae
Clematis virginiana,"Virgin's Bower, Devil's Darning Needles, Old Man's Beard",Clematis,Ranunculaceae
Cleomella palmeriana,"Palmer's Bee Plant, Palmer's Cleomella, Rocky Mountain Stinkweed, Rocky Mountain Rhombopod",Cleomella,Cleomaceae
Clinopodium glabellum,"Glade Savory, Glade Calamint, Glade Wild Basil, Ozark Calamint",Clinopodium,Lamiaceae
Clinopodium nepeta,Lesser Calamint,Clinopodium,Lamiaceae
Clintonia borealis,"Blue-bead Lily, Yellow Corn Lily, Yellow Clintonia",Clintonia,Liliaceae
Clintonia umbellulata,"White Clintonia, Clinton's Lily, Speckled Woodlily",Clintonia,Liliaceae
Clitoria mariana,"Butterfly Pea, Atlantic pigeonwings",Clitoria,Fabaceae
Clivia miniata,"Natal Lily, Bush Lily, Kaffir Lily",Clivia,Amaryllidaceae
Collinsia parviflora,"Blue-eyed Mary, Maiden Blue Eyed Mary, Smallflower Blue Eyed Mary",Collinsia,Plantaginaceae
Collinsia verna,"Blue Eyed Mary, Spring Blue-eyed Mary, Eastern Blue Eyed Mary, Innocence, Lady-by-the-Lake",Collinsia,Plantaginaceae
Collinsonia verticillata,"Whorled Horsebalm, Early Stoneroot",Collinsonia,Lamiaceae
Collomia grandiflora,"Large Flowered Collomia, Grand Collomia, Mountain Collomia",Collomia,Polemoniaceae
Collomia linearis,"Narrowleaf Collomia, Tiny Trumpet, Narrow-leaf Mountain Trumpet",Collomia,Polemoniaceae
Commelina communis,"Asiatic Dayflower, Mouse Ears, Dew Herb",Commelina,Commelinaceae
Commelina virginica,Virginia Dayflower,Commelina,Commelinaceae
Conoclinium coelestinum,"Blue Mistflower, Wild Ageratum, Mistflower",Conoclinium,Asteraceae
Conopholis americana,"Squawroot, Bear's Purge, Bear Corn",Conopholis,Orobanchaceae
Convallaria majalis,Lily of the Valley,Convallaria,Asparagaceae
Convallaria majuscula,American Lily of the Valley,Convallaria,Asparagaceae
Convolvulus cneorum,"Silverbush, Shrubby Bindweed, Bush Morning Glory",Convolvulus,Convolvulaceae
Cordylanthus wrightii,"Wright's Bird's Beak, Club Flower",Cordylanthus,Orobanchaceae
Coreopsis lanceolata,Lanceleaf Coreopsis,Coreopsis,Asteraceae
Coreopsis major,"Greater Tickseed, Whorled Leaf Coreopsis, Forest Tickseed",Coreopsis,Asteraceae
Coreopsis pubescens,"Hairy Coreopsis, Hairy Tickseed, Star Tickseed",Coreopsis,Asteraceae
Coreopsis tripteris,"Tall Coreopsis, Tall Tickseed",Coreopsis,Asteraceae
Cornus canadensis,"Bunchberry, Bunchberry Dogwood, Dwarf Dogwood, Canadian Bunchberry, Dwarf Cornel, Creeping Dogwood",Cornus,Cornaceae
Cornus florida,Flowering Dogwood,Cornus,Cornaceae
Cornus foemina,"Stiff Dogwood, Southern Swamp Dogwood, Gray Dogwood",Cornus,Cornaceae
Cornus sericea,"Red-osier Dogwood, Western Dogwood, American Dogwood",Cornus,Cornaceae
Coronilla varia,"Crown Vetch, Purple Crown Vetch, Axseed, Hive Vine",Coronilla,Fabaceae
Corydalis flavula,"Yellow Corydalis, Yellow Harlequin, Yellow Fumewort",Corydalis,Papaveraceae
Crepis intermedia,"Limestone Hawksbeard, Smallflower Hawksbeard",Crepis,Asteraceae
Cuphea viscosissima,"Blue Waxweed, Clammy Cuphea, Tarweed",Cuphea,Lythraceae
Cuscuta gronovii,"Dodder Vine, Scaldweed",Cuscuta,Convolvulaceae
Cymophyllus fraserianus,"Fraser's Sedge, Fraser's Cymophyllus",Cymophyllus,Cyperaceae
Cynoglossum officinale,"Houndstongue, Hound's Tongue, Gypsyflower",Cynoglossum,Boraginaceae
Cynoglossum virginianum,"Wild Comfrey, Wild Hound's-tongue, Blue Houndstongue",Cynoglossum,Boraginaceae
Cyperus strigosus,"False Nutsedge, Strawcolored Flatsedge, Strawcolor Nutgrass",Cyperus,Cyperaceae
Cypripedium acaule,"Pink Ladyslipper, Moccasin Flower",Cypripedium,Orchidaceae
Cypripedium parviflorum,"Yellow Ladyslipper, Lesser Yellow Lady's Slipper, Greater Yellow Lady's Slipper, Small Flowered Yellow Lady's Slipper",Cypripedium,Orchidaceae
Dalea gattingeri,"Gattinger's Prairie Clover, Purpletassels, Purple Tassels",Dalea,Fabaceae
Dasiphora fruticosa,"Shrubby Cinquefoil, Shrubby Five-finger, Golden Hardhack",Dasiphora,Rosaceae
Dasistoma macrophylla,"Mullein Foxglove, Mullein Seymeria",Dasistoma,Orobanchaceae
Datura stramonium,"Jimsonweed, Devil's Trumpet, Jamestown Weed, Mad Apple, Moon Flower, Stinkwort, Thorn Apple",Datura,Solanaceae
Datura wrightii,"Sacred Datura, Sacred Thorn-apple, Indian Apple, Angel Trumpet",Datura,Solanaceae
Daucus carota,"Queen Anne's Lace, Wild Carrot, Bird's Nest, Bishop's Lace",Daucus,Apiaceae
Delosperma cooperi,Hardy Iceplant,Delosperma,Aizoaceae
Delphinium carolinianum,"Carolina Larkspur, Blue Larkspur, Glade Larkspur, Prairie Larkspur, Pine Woods Larkspur",Delphinium,Ranunculaceae
Delphinium tricorne,"Dwarf Larkspur, Spring Larkspur",Delphinium,Ranunculaceae
Desmanthus illinoensis,"Prairie Mimosa, Illinois Bundleflower, Prickleweed, Illinois Desmanthus",Desmanthus,Fabaceae
Desmodium nudiflorum,"Nakedflower Ticktrefoil, Naked-Flowered Tick Trefoil, Naked-stemmed Tick Clover",Desmodium,Fabaceae
Desmodium ochroleucum,"Cream-flowered Tick Trefoil, Cream Ticktrefoil, Tick Clover, Creamflowered Tick-Trefoil",Desmodium,Fabaceae
Desmodium rotundifolium,"Round-Leaved Tick Trefoil, Round-Leaved Trailing Tick-Trefoil, Prostrate Ticktrefoil, Dollarleaf",Desmodium,Fabaceae
Dianthus armeria,"Deptford Pink, Mountain Pink",Dianthus,Caryophyllaceae
Dianthus caryophyllus,"Carnation, Clove Pink",Dianthus,Caryophyllaceae
Dicentra canadensis,"Squirrel Corn, Wild turkey-pea, Turkey Corn, Colicweed, Ghost Corn, Lyre Flower",Dicentra,Papaveraceae
Dicentra cucullaria,Dutchman's Breeches,Dicentra,Papaveraceae
Dicentra eximia,"Wild Bleeding Heart, Eastern Bleeding Heart, Turkey Corn",Dicentra,Papaveraceae
Diervilla rivularis,"Mountain Bush Honeysuckle, Hairy Bush honeysuckle, Riverbank Bush Honeysuckle",Diervilla,Caprifoliaceae
Diodia teres,"Rough Buttonweed, Poor Joe",Diodia,Rubiaceae
Diodia virginiana,"Virginia Buttonweed, Large Buttonweed, Poor Joe",Diodia,Rubiaceae
Dioscorea villosa,"Wild Yam, Yam Root, Colic Root, Whorled Wild Yam",Dioscorea,Dioscoreaceae
Diphylleia cymosa,"American Umbrella Leaf, Umbrella-leaf",Diphylleia,Berberidaceae
Dipsacus sativus,"Teasel, Indian Teasel, Fuller's Teasel",Dipsacus,Caprifoliaceae
Dodecatheon meadia,"Shooting Star, Prairie Pointers, Eastern Shooting Star, Pride of Ohio, Roosterheads",Dodecatheon,Primulaceae
Duchesnea indica,"Indian Strawberry, India Mockstrawberry",Duchesnea,Rosaceae
Echinacea purpurea,"Eastern Purple Coneflower, Purple Coneflower",Echinacea,Asteraceae
Echinacea simulata,"Wavyleaf Purple Coneflower, Prairie Purple Coneflower, Glade Coneflower",Echinacea,Asteraceae
Echinacea tennesseensis,"Tennessee Coneflower, Tennessee Purple Coneflower",Echinacea,Asteraceae
Echium vulgare,"Viper's Bugloss, Blueweed, Blue Devil, Blue Borage, Common Echium",Echium,Boraginaceae
Elephantopus carolinianus,"Carolina Elephant's foot, Leafy Elephantfoot",Elephantopus,Asteraceae
Emilia fosbergii,"Florida Tasselflower, Flora's Paintbrush, Florida Tassel Flower",Emilia,Asteraceae
Epifagus virginiana,"Beechdrops, Cancer Drops, Clapwort, Virginia Broomrape",Epifagus,Orobanchaceae
Epigaea repens,"Trailing Arbutus, Ground Laurel, Mayflower, Plymouth Mayflower",Epigaea,Ericaceae
Eranthis hyemalis,Winter Aconite,Eranthis,Ranunculaceae
Erigenia bulbosa,"Harbinger-of-Spring, Pepper and Salt",Erigenia,Apiaceae
Erigeron annuus,Eastern daisy fleabane,Erigeron,Asteraceae
Erigeron bloomeri,"Scabland Fleabane, Bloomer's Daisy, Bloomer's Fleabane",Erigeron,Asteraceae
Erigeron philadelphicus,Philadelphia Fleabane,Erigeron,Asteraceae
Erigeron pulchellus,Robin's Plantain,Erigeron,Asteraceae
Erigeron strigosus,"Prairie Fleabane, Lesser Daisy Fleabane",Erigeron,Asteraceae
Eriophorum virginicum,"Virginia Cottongrass, Tawny Cottongrass, Rusty Cotton Grass",Eriophorum,Cyperaceae
Erodium cicutarium,"Crane's Bill Geranium, Redstem Stork's Bill, Storksbill, Redstem Filaree, Heron's Bill",Erodium,Geraniaceae
Eryngium yuccifolium,"Rattlesnake Master, Button Eryngo, Button Snakeroot, Yuccaleaf Eryngo",Eryngium,Apiaceae
Erythronium americanum,"Trout Lily, Yellow Dogtooth Violet, Yellow Adder's Tongue, Yellow Trout-Lily",Erythronium,Liliaceae
Erythronium grandiflorum,"Yellow Avalanche Lily, Glacier Lily",Erythronium,Liliaceae
Erythronium umbilicatum,"Dimpled Trout Lily, Dimpled Dogtooth Violet, Southern Appalachian Trout Lily",Erythronium,Liliaceae
Eschscholzia californica,California Poppy,Eschscholzia,Papaveraceae
Eucnide urens,Desert Rock Nettle,Eucnide,Loasaceae
Euonymus americanus,"Bursting Heart, Hearts-a-bustin', Strawberry Bush.",Euonymus,Celastraceae
Euonymus atropurpureus,"Burningbush, Eastern Wahoo, Spindle Tree, Indian Arrow-Wood",Euonymus,Celastraceae
Eupatorium perfoliatum,"Boneset, Common Boneset, Feverwort, Indian Sage, Wild Isaac",Eupatorium,Asteraceae
Eupatorium rotundifolium,"Roundleaf Thoroughwort, Common Roundleaf Eupatorium",Eupatorium,Asteraceae
Eupatorium serotinum,"Late-Flowering Thoroughwort, Late-Flowering Boneset",Eupatorium,Asteraceae
Euphorbia corollata,"Flowering Spurge, Blooming Spurge, Emetic Root",Euphorbia,Euphorbiaceae
Euphorbia cyathophora,"Wild Poinsettia, Mexican Fireplant, Fire on the Mountain, Painted Euphorbia, Desert Poinsettia",Euphorbia,Euphorbiaceae
Euphorbia heterophylla,"Mexican Fire Plant, Wild Poinsettia",Euphorbia,Euphorbiaceae
Euphorbia hirta,"Asthma Plant, Dove Milk, Garden Spurge, Hairy Spurge, Pillpod Sandmat, Pillpod Spurge, Red Euphorbia, Snakeweed, Sneezeweed, Spurge",Euphorbia,Euphorbiaceae
Euphorbia marginata,"Snow-on-the-Mountain, Mountain Snow Spurge",Euphorbia,Euphorbiaceae
Euphorbia mercurialina,"Cumberland Spurge, Mercury Spurge",Euphorbia,Euphorbiaceae
Euphorbia pulcherrima,"Poinsettia, Christmas Flower, Easter Flower",Euphorbia,Euphorbiaceae
Eurybia furcata,Forked Aster,Eurybia,Asteraceae
Eutrochium fistulosum,"Hollow Joe Pye Weed, Trumpetweed, Tubular Thoroughwort, Hollow-stemmed Joe-pye-weed",Eutrochium,Asteraceae
Eutrochium maculatum,"Spotted Joe Pye Weed, Purple Boneset, Spotted Trumpetweed",Eutrochium,Asteraceae
Eutrochium steelei,"Appalachian Joe Pye Weed, Steele's Eupatorium, Steele's Joe Pye Weed",Eutrochium,Asteraceae
Fallopia japonica,"Japanese Knotweed, Crimson Beauty, Mexican bamboo, Japanese Fleece Flower, Reynoutria",Fallopia,Polygonaceae
Fragaria virginiana,"Virginia Strawberry, Wild Strawberry",Fragaria,Rosaceae
Fritillaria pudica,"Yellowbells, Yellow Fritillary, Yellow Missionbells, Gold Bell",Fritillaria,Liliaceae
Gaillardia pinnatifida,"Red Dome Blanketflower, Hopi Blanketflower, Yellow Gaillardia, Slender Gaillardia, Cutleaf Blanketflower",Gaillardia,Asteraceae
Gaillardia pulchella,"Indian Blanket, Indian Blanketflower, Firewheel",Gaillardia,Asteraceae
Galax urceolata,"Beetleweed, Galax, Wandplant, Wandflower, Coltsfoot",Galax,Diapensiaceae
Galearis spectabilis,"Showy Orchis, Showy Orchid, Purple-hooded Orchid, Gay Orchid, Purple Orchis, Two-leaved orchis",Galearis,Orchidaceae
Gaultheria procumbens,"Eastern Teaberry, American Wintergreen, Checkerberry",Gaultheria,Ericaceae
Gaura filipes,"Slenderstalk Beeblossom, Slender Gaura, Threadstalk Gaura",Gaura,Onagraceae
Gentiana algida,"Arctic Gentian, Whitish Gentian",Gentiana,Gentianaceae
Gentiana calycosa,"Explorer's Gentian, Mountain Bog Gentian, Rainier Pleated Gentian",Gentiana,Gentianaceae
Gentiana saponaria,"Soapwort Gentian, Harvestbells",Gentiana,Gentianaceae
Gentiana villosa,"Pale Gentian, Striped Gentian, Sampsons Snakeroot",Gentiana,Gentianaceae
Geranium carolinianum,"Carolina Geranium, Carolina Cranesbill",Geranium,Geraniaceae
Geranium dissectum,"Cutleaf Geranium, Cut-leaved Cranesbill",Geranium,Geraniaceae
Geranium maculatum,"Wild Geranium, Spotted geranium, Cranesbill",Geranium,Geraniaceae
Geranium viscosissimum,"Sticky Purple Geranium, Sticky Wild Geranium",Geranium,Geraniaceae
Geum canadense,"White Avens, Canada Avens",Geum,Rosaceae
Geum donianum,"Southern Barren Strawberry, Appalachian Barren Strawberry, Small-petaled Barren Strawberry",Geum,Rosaceae
Glandularia canadensis,"Rose Vervain, Rose Mock Vervain, Rose Verbena, Sweet William, Clump Verbena",Glandularia,Verbenaceae
Glechoma hederacea,"Ground Ivy, Gill-over-the-ground, Haymaids, Creeping Charlie",Glechoma,Lamiaceae
Goodyera pubescens,"Downy Rattlesnake Plantain, Downy Rattlesnake Orchid, Adder's Violet, Net-leaf Plantain",Goodyera,Orchidaceae
Grindelia squarrosa,"Curlycup Gumweed, Curlytop Gumweed",Grindelia,Asteraceae
Halesia tetraptera,"Mountain Silverbell, Carolina Silverbell, 4-wing Silverbell",Halesia,Styracaceae
Hamamelis virginiana,American Witchhazel,Hamamelis,Hamamelidaceae
Helenium amarum,"Bitterweed, Bitter Sneezeweed, Yellowdicks",Helenium,Asteraceae
Helenium autumnale,"Autumn Sneezeweed, Common Sneezeweed, False Sunflower, Staggerwort, Yellow Star",Helenium,Asteraceae
Helenium flexuosum,"Purple-headed Sneezeweed, Purplehead Sneezeweed",Helenium,Asteraceae
Helianthus angustifolius,"Swamp Sunflower, Narrow-leaf Sunflower",Helianthus,Asteraceae
Helianthus annuus,"Common Sunflower, Kansas Sunflower, Mirasol",Helianthus,Asteraceae
Helianthus atrorubens,"Purpledisk sunflower, Appalachian sunflower",Helianthus,Asteraceae
Helianthus debilis,"Dune Sunflower, Beach Sunflower, Cucumberleaf Sunflower, East Coast Dune Sunflower, Branching Sunflower",Helianthus,Asteraceae
Helianthus decapetalus,"Thinleaf Sunflower, Ten-petal Sunflower, Forest Sunflower, Pale Sunflower",Helianthus,Asteraceae
Helianthus microcephalus,"Small Woodland Sunflower, Small-headed Sunflower",Helianthus,Asteraceae
Helianthus tuberosus,"Jerusalem Artichoke, Jerusalem Sunflower, Sunchoke, Girasole",Helianthus,Asteraceae
Heliotropium arborescens,"Cherry Pie Plant, Garden Heliotrope",Heliotropium,Boraginaceae
Hemerocallis fulva,"Common Daylily, Tawny Daylily, Orange Daylily",Hemerocallis,Asphodelaceae
Heracleum maximum,"American Cow Parsnip, Masterwort, American Hogweed, Common Cowparsnip",Heracleum,Apiaceae
Hesperis matronalis,"Dame's Rocket, Damask Violet, Night-scented Gilliflower, Queen's Gilliflower, Mother-of-the-evening, Summer Lilac",Hesperis,Brassicaceae
Heterotheca subaxillaris,"Camphorweed, Camphor Weed, False Goldenaster",Heterotheca,Asteraceae
Heuchera villosa,"Mapleleaf Alumroot, Hairy Alum Root, Rough Heuchera",Heuchera,Saxifragaceae
Hexastylis arifolia,"Little Brown Jug, Arrowleaf Ginger",Hexastylis,Aristolochiaceae
Hexastylis shuttleworthii,"Largeflower Heartleaf, Shuttleworth's Ginger",Hexastylis,Aristolochiaceae
Hibiscus moscheutos,"Swamp Rose Mallow, Crimsoneyed Rosemallow, Marshmallow, Woolly Rose Mallow, Hairy-fruited Hibiscus",Hibiscus,Malvaceae
Hibiscus syriacus,"Common Hibiscus, Rose of Sharon",Hibiscus,Malvaceae
Hieracium aurantiacum,"Orange Hawkweed, Devil's Paintbrush",Hieracium,Asteraceae
Hieracium venosum,"Rattlesnake Weed, Rattlesnake Hawkweed, Veiny Hawkweed",Hieracium,Asteraceae
Houstonia caerulea,"Quaker Ladies, Azure Bluet, Bluets",Houstonia,Rubiaceae
Houstonia purpurea,"Venus' Pride, Large Bluet, Large Houstonia, Summer Bluet, Purple Bluet",Houstonia,Rubiaceae
Houstonia pusilla,"Tiny Bluet, Small Bluet, Least Bluet",Houstonia,Rubiaceae
Houstonia serpyllifolia,"Creeping Bluet, Mountain Bluet, Thymeleaf Bluet, Appalachian Bluet, Michaux's Bluets",Houstonia,Rubiaceae
Hoya carnosa,"Wax Plant, Porcelainflower",Hoya,Apocynaceae
Hyacinthoides non-scripta,"English Bluebell, Wild Hyacinth",Hyacinthoides,Asparagaceae
Hybanthus concolor,"Green Violet, Eastern Greenviolet",Hybanthus,Violaceae
Hydrangea arborescens,"Wild Hydrangea, Sevenbark",Hydrangea,Hydrangeaceae
Hydrangea quercifolia,Oakleaf Hydrangea,Hydrangea,Hydrangeaceae
Hydrastis canadensis,"Goldenseal, Orangeroot",Hydrastis,Ranunculaceae
Hydrophyllum canadense,"Broad-leaf Waterleaf, Bluntleaf Waterleaf, Maple-leaf Waterleaf",Hydrophyllum,Boraginaceae
Hydrophyllum capitatum,"Ballhead Waterleaf, Cat's Breeches, Dwarf Waterleaf",Hydrophyllum,Boraginaceae
Hylotelephium telephioides,"Allegheny Stonecrop, Allegheny Live-for-ever",Hylotelephium,Crassulaceae
Hymenoxys grandiflora,"Alpine Sunflower, Four-nerved Daisy, Graylocks Rubberweed, Old-man-of-the-mountain",Hymenoxys,Asteraceae
Hypericum dolabriforme,"Glade St. John's Wort, Straggling St. Johnswort",Hypericum,Hypericaceae
Hypericum frondosum,"Cedarglade St. Johnswort, Golden St. Johnswort, Shrubby St. Johnswort",Hypericum,Hypericaceae
Hypericum gentianoides,"Pineweed, Orangegrass",Hypericum,Hypericaceae
Hypericum hypericoides ssp multicaule,"Reclining St. Andrew's Cross, Multi-stem St. Andrew's-cross, Low St. John's-wort, Straggling St. John's-wort, Decumbent St. Andrew's Cross",Hypericum,Hypericaceae
Hypericum punctatum,"Spotted St. Johnswort, Black Dotted St. Johnswort",Hypericum,Hypericaceae
Hypochaeris radicata,"Hairy Cat's Ear, False Dandelion",Hypochaeris,Asteraceae
Hypoxis hirsuta,"Yellow Star Grass, Common Goldstar",Hypoxis,Hypoxidaceae
Ilex verticillata,Winterberry,Ilex,Aquifoliaceae
Impatiens capensis,"Jewelweed, Touch-Me-Not",Impatiens,Balsaminaceae
Impatiens pallida,"Pale Touch-Me-Not, Pale Snapweed",Impatiens,Balsaminaceae
Impatiens walleriana,Busy Lizzie,Impatiens,Balsaminaceae
Ipheion uniflorum,"Springstar, Spring Starflower",Ipheion,Amaryllidaceae
Ipomea alba,Moonflower,Ipomea,Convolvulaceae
Ipomea purpurea,Morning Glory,Ipomea,Convolvulaceae
Ipomoea alba,"Moonflower, Tropical White Morning Glory, Moon Vine, Evening Glory",Ipomoea,Convolvulaceae
Ipomoea coccinea,"Small Red Morning Glory, Redstar, Starflower, Scarlet Morningglory",Ipomoea,Convolvulaceae
Ipomoea hederacea,"Ivyleaf Morning Glory, Entireleaf Morningglory, Small Morning Glory",Ipomoea,Convolvulaceae
Ipomoea lacunosa,"Small White Morning Glory, Whitestar, Pitted Morningglory",Ipomoea,Convolvulaceae
Ipomoea lobata,"Fire Vine, Firecracker Vine, Spanish Flag",Ipomoea,Convolvulaceae
Ipomoea pandurata,"Wild Potato Vine, Man of the Earth, Wild Sweet Potato, Bigroot Morning Glory",Ipomoea,Convolvulaceae
Ipomopsis aggregata,"Scarlet Gilia, Scarlet Skyrocket, Scarlet Trumpet, Skunk Flower",Ipomopsis,Polemoniaceae
Iris cristata,Crested Dwarf Iris,Iris,Iridaceae
Iris domestica,"Blackberry Lily, Leopard Flower, Leopard Lily",Iris,Iridaceae
Iris hollandica,Dutch Iris,Iris,Iridaceae
Iris prismatica,"Slender Blue Flag, Slender Blue Iris, Coastal Iris",Iris,Iridaceae
Iris pseudacorus,"Yellow Flag Iris, Paleyellow Iris, Yellow Iris, Water Flag",Iris,Iridaceae
Iris verna,"Dwarf Violet Iris, Vernal Iris, Spring Iris, Upland Dwarf Iris",Iris,Iridaceae
Itea virginica,"Virginia Sweetspire, Virginia Willow, Tassel-white",Itea,Saxifragaceae
Jamesia americana,"Cliffbush, Waxflower",Jamesia,Hydrangeaceae
Jasmine officinale,Common Jasmine,Jasmine,Oleaceae
Jasminum nudiflorum,Winter Jasmine ,Jasminum,Oleaceae
Jeffersonia diphylla,"Twinleaf, Helmet Pod, Ground Squirrel Pea",Jeffersonia,Berberidaceae
Kalmia buxifolia,"Mountain Myrtle, Sand Myrtle",Kalmia,Ericaceae
Kalmia latifolia,Mountain Laurel,Kalmia,Ericaceae
Knautia macedonica,Macedonian Scabious,Knautia,Caprifoliaceae
Krigia biflora,"Two-flower Cynthia, Twoflower Dwarfdandelion, Orange Dwarf-dandelion",Krigia,Asteraceae
Krigia dandelion,"Potato Dandelion, Potato Dwarfdandelion, Colonial Dwarf-dandelion",Krigia,Asteraceae
Lactuca canadensis,"Wild Lettuce, Canada Lettuce",Lactuca,Asteraceae
Lactuca floridana,"Woodland Lettuce, Florida Blue Lettuce, False Lettuce",Lactuca,Asteraceae
Lactuca serriola,"Prickly Lettuce, China Lettuce",Lactuca,Asteraceae
Lamium amplexicaule,"Henbit, Henbit Deadnettle",Lamium,Lamiaceae
Lamium galeobdolon,"Yellow Archangel, Artillery Plant, Aluminium Plant, Yellow Weasel-Snout",Lamium,Lamiaceae
Lamium purpureum,"Purple Deadnettle, Red Deadnettle, Purple Archangel",Lamium,Lamiaceae
Lamprocapnos spectabilis,Bleeding Heart,Lamprocapnos,Papaveraceae
Lathyrus latifolius,"Perennial Pea, Sweet Pea, Everlasting Pea",Lathyrus,Fabaceae
Lathyrus odorata,Sweet Pea,Lathyrus,Fabaceae
Leavenworthia exigua,"Tennessee Gladecress, Least Glade-cress, Pasture Gladecress, Kentucky Gladecress",Leavenworthia,Brassicaceae
Leavenworthia stylosa,"Long-styled Gladecress, Nashville Mustard, Cedar Gladecress",Leavenworthia,Brassicaceae
Lespedeza cuneata,Sericea Lespedeza,Lespedeza,Fabaceae
Leucanthemum vulgare,"Ox-Eye Daisy, Dog Daisy, Marguerite",Leucanthemum,Asteraceae
Leucanthemum x superbum,Shasta Daisy,Leucanthemum,Asteraceae
Leucothoe fontanesiana,"Highland Dog Hobble, Drooping Leucothoe, Fetterbush, Doghobble",Leucothoe,Ericaceae
Liatris spicata,"Blazing Star, Dense Blazing Star, Marsh Gayfeather, Spike Gayfeather",Liatris,Asteraceae
Lilium orientalis,"Oriental Lily, Stargazer Lily",Lilium,Liliaceae
Lilium philadelphicum,"Wood Lily, Mountain Lily",Lilium,Liliaceae
Lilium superbum,"Turk's Cap Lily, Turban Lily, Lily Royal, Swamp Lily, American Tiger Lily",Lilium,Liliaceae
Lilium tigrinum,Tiger Lily,Lilium,Liliaceae
Linaria dalmatica,"Dalmation Toadflax, Broadleaf Toadflax",Linaria,Plantaginaceae
Linaria vulgaris,"Butter-and-eggs, Common Toadflax, Yellow Toadflax, Wild Snapdragon",Linaria,Plantaginaceae
Lindera benzoin,"Northern Spicebush, Wild Allspice, Common Spicebush",Lindera,Lauraceae
Linnaea amabilis,Beauty Bush,Linnaea,Caprifoliaceae
Linum lewisii,"Wild Blue Flax, Lewis Flax, Prairie Flax",Linum,Linaceae
Linum usitatissimum,"Flax, Linseed (wild)",Linum,Linaceae
Liriodendron tulipifera,"Tulip Poplar, Yellow Poplar, Tuliptree, Tulip Magnolia",Liriodendron,Magnoliaceae
Listera australis,Southern Twayblade,Listera,Orchidaceae
Lithophragma parviflorum,Smallflower Woodland-star,Lithophragma,Saxifragaceae
Lithospermum canescens,"Hoary Puccoon, Orange Puccoon, Indian Paint",Lithospermum,Boraginaceae
Lithospermum latifolium,"American Gromwell, American Stoneseed",Lithospermum,Boraginaceae
Lithospermum ruderale,"Western Stoneseed, Columbia Puccoon, Yellow Puccoon",Lithospermum,Boraginaceae
Lithospermum tuberosum,"Southern Stoneseed, Tuberous Stoneseed, Tuberous Gromwell",Lithospermum,Boraginaceae
Lobelia cardinalis,"Cardinal Flower, Scarlet Lobelia",Lobelia,Campanulaceae
Lobelia gattingeri,Gattinger's Lobelia,Lobelia,Campanulaceae
Lobelia inflata,"Inflated Lobelia, Indian Tobacco",Lobelia,Campanulaceae
Lobelia kalmii,"Ontario Lobelia, Brook Lobelia, Bog Lobelia, Kalm's Lobelia",Lobelia,Campanulaceae
Lobelia puberula,Downy Lobelia,Lobelia,Campanulaceae
Lobelia siphilitica,"Great Blue Lobelia, Blue Cardinal Flower",Lobelia,Campanulaceae
Lobelia spicata,"Palespike Lobelia, Pale Spiked Lobelia",Lobelia,Campanulaceae
Lonicera flava,"Yellow Honeysuckle, Pale Yellow Honeysuckle",Lonicera,Caprifoliaceae
Lonicera fragrantissima,"Sweet Breath of Spring, Fragrant Honeysuckle, Winter Honeysuckle, January Jasmine",Lonicera,Caprifoliaceae
Lonicera japonica,Japanese Honeysuckle,Lonicera,Caprifoliaceae
Lonicera sempervirens,Trumpet Honeysuckle,Lonicera,Caprifoliaceae
Lonicera utahensis,"Utah Honeysuckle, Red Twinberry, and Fly Honeysuckle",Lonicera,Caprifoliaceae
Lotus corniculatus,"Bird's Foot Trefoil, Birdfoot Deervetch, Bloomfell, Cat's Clover, Crowtoes, Ground Honeysuckle",Lotus,Fabaceae
Ludwigia alternifolia,"Seedbox, Smooth Seedbox, Bushy Seedbox, Rattle-box, Square-pod Water-primrose",Ludwigia,Onagraceae
Ludwigia decurrens,"Wingleaf Primrose-willow, Wingstem Water Primrose, Willow Primrose, Upright Primrose-willow",Ludwigia,Onagraceae
Ludwigia peploides,"Creeping Water Primrose, Floating Primrose-Willow, Water-primrose",Ludwigia,Onagraceae
Lupinus argenteus,"Silvery Lupine, Silver Stem Lupine",Lupinus,Fabaceae
Lychnis chalcedonica,"Maltese Cross, Flower of Bristol, Jerusalem Cross, Nonesuch",Lychnis,Caryophyllaceae
Lychnis coronaria,Rose Campion,Lychnis,Caryophyllaceae
Lycium carolinianum,"Christmasberry, Carolina Wolfberry, Carolina Desert-thorn, Creeping Wolfberry",Lycium,Solanaceae
Lycopus uniflorus,"Northern Bugleweed, Northern Water Horehound",Lycopus,Lamiaceae
Lysimachia quadrifolia,Whorled Loosestrife,Lysimachia,Primulaceae
Lysimachia tonsa,"Appalachian Loosestrife, Southern Yellow Loosestrife, Southern Loosestrife",Lysimachia,Primulaceae
Lythrum salicaria,"Purple Loosestrife, Rosy Strife, Kill Weed",Lythrum,Lythraceae
Mahonia repens,"Creeping Oregon Grape, Creeping Barberry",Mahonia,Berberidaceae
Maianthemum racemosum,"False Solomon's Seal, Feathery False Lily of the Valley, Solomon's Plume",Maianthemum,Asparagaceae
Maianthemum stellatum,"Starry False Solomon's Seal, Starry False Lily of the Valley, Starflower False Solomon's Seal Star-flowered Solomon's Plume",Maianthemum,Asparagaceae
Malaxis unifolia,Green Adder's Mouth,Malaxis,Orchidaceae
Matricaria discoidea,"Pineapple Weed, Wild Chamomile, Rayless Chamomile, Disc Mayweed",Matricaria,Asteraceae
Mazus pumilus,Japanese Mazus,Mazus,Mazaceae
Medeola virginiana,Indian Cucumber Root,Medeola,Liliaceae
Medicago lupulina,"Black Medic, Black Hay, Hop Clover, Hop Medic, Yellow Trefoil",Medicago,Fabaceae
Melampodium leucanthum,"Blackfoot Daisy, Rock Daisy, Plains Blackfoot, Arnica",Melampodium,Asteraceae
Melampyrum lineare,"Cow Wheat, Narrowleaf Cow-Wheat, Appalachian Cow-Wheat",Melampyrum,Orobanchaceae
Melilotus albus,"White Sweetclover, White Melilot, Honey-Clover, Bokhara Clover",Melilotus,Fabaceae
Melilotus officinalis,"Yellow Sweetclover, Yellow Melilot, Common Melilot, Field Melilot, Cornilla Real, White Sweetclover",Melilotus,Fabaceae
Melothria pendula,"Creeping Cucumber, Guadeloupe Cucumber, Squirting Cucumber",Melothria,Cucurbitaceae
Mentzelia albicaulis,Whitestem Blazingstar,Mentzelia,Loasaceae
Mentzelia involucrata,Sand Blazingstar,Mentzelia,Loasaceae
Mentzelia laevicaulis,Giant Blazingstar,Mentzelia,Loasaceae
Mentzelia multiflora,Adonis Blazingstar,Mentzelia,Loasaceae
Mentzelia nuda,Bractless Blazingstar,Mentzelia,Loasaceae
Mertensia virginica,Virginia Bluebells,Mertensia,Boraginaceae
Micranthes micranthidifolia,"Brook Lettuce, Mountain Lettuce, Branch Lettuce, Lettuceleaf Saxifrage, Deer Tongue",Micranthes,Saxifragaceae
Micranthes petiolaris,"Michaux's Saxifrage, Mountain Saxifrage",Micranthes,Saxifragaceae
Micranthes virginiensis,"Early Saxifrage, Virginia Saxifrage, Everlasting, Lungwort, Sweet Wilson",Micranthes,Saxifragaceae
Mikania scandens,"Climbing Hempweed, Climbing Boneset",Mikania,Asteraceae
Mimosa microphylla ,"Sensitive Briar, Littleleaf Sensitive-briar",Mimosa,Fabaceae
Mimosa pudica,"Sensitive Plant, Touch-Me-Not, Shameplant",Mimosa,Fabaceae
Mimulus alatus,"Sharpwing Monkey Flower, Winged Monkeyflower",Mimulus,Phrymaceae
Mimulus guttatus,"Yellow Monkeyflower, Common Monkeyflower, Seep Monkeyflower",Mimulus,Phrymaceae
Mimulus nanus,"Dwarf Purple Mimulus, Dwarf Purple Monkeyflower",Mimulus,Phrymaceae
Minuartia patula,"Lime Barren Sandwort, Glade Sandwort, Pitcher's Stitchwort",Minuartia,Caryophyllaceae
Mirabilis jalapa,Wishbone Bush Four O'Clock,Mirabilis,Nyctaginaceae
Mirabilis laevis,Broad-Leaved Four O'Clock,Mirabilis,Nyctaginaceae
Mitchella repens,"Partridgeberry, Partridge Berry, Sqaw Vine, Eyeberry",Mitchella,Rubiaceae
Mitella diphylla,"Miterwort, Bishop's Cap",Mitella,Saxifragaceae
Mitella stauropetala,"Smallflower Miterwort, Side-flowered miterwort",Mitella,Saxifragaceae
Monarda clinopodia,"White Bergamot, Basil Bee Balm",Monarda,Lamiaceae
Monarda didyma,"Crimson Bee Balm, Scarlet Bergamot, Scarlet Beebalm, Oswego Tea",Monarda,Lamiaceae
Monarda fistulosa,Wild Bergamot,Monarda,Lamiaceae
Monotropa uniflora,"Indian Pipe, Ghost Flower, Ghost Plant",Monotropa,Ericaceae
Monotropsis odorata,"Sweet Pinesap, Pygmy Pipes, Carolina beechdrops, Appalachian Pygmy Pipes",Monotropsis,Ericaceae
Narcissus jonquilla,"Jonquil, Rush Daffodil",Narcissus,Amaryllidaceae
Narcissus papyraceus,Paperwhite Narcissus,Narcissus,Amaryllidaceae
Nelumbo lutea,"American Lotus, Water Lotus, Water Chinquapin, Yellow Lotus",Nelumbo,Nelumbonaceae
Nelumbo nucifera,"Lotus, Indian Lotus, Sacred Lotus",Nelumbo,Nelumbonaceae
Neviusia alabamensis,Alabama Snow-wreath,Neviusia,Rosaceae
Nigella damascena,"Love-In-A-Mist, Ragged Lady, Devil In the Bush",Nigella,Ranunculaceae
Nothoscordum bivalve,"False Garlic, Crowpoison",Nothoscordum,Amaryllidaceae
Nuphar lutea,"Yellow Pond Lily, Cowlily, Spatterdock",Nuphar,Nymphaeaceae
Nuttallanthus canadensis,"Blue Toadflax, Canada Toadflax, Oldfield Toadflax",Nuttallanthus,Plantaginaceae
Nymphaea odorata,"American White Water Lily, Fragrant Water Lily, White Water Lily",Nymphaea,Nymphaeaceae
Obolaria virginica,"Pennywort, Virginia Pennywort",Obolaria,Gentianaceae
Oclemena acuminata,"Whorled Wood Aster, Whorled Aster, Mountain Aster, Sharp-leaved Aster",Oclemena,Asteraceae
Oenothera biennis,"Common Evening Primrose, Evening Star, Sun Drop",Oenothera,Onagraceae
Oenothera lindheimeri,"Lindheimer's Beeblossom, White Gaura, Pink Gaura, Lindheimer's Clockweed, Indian Feather, Wandflower",Oenothera,Onagraceae
Oenothera macrocarpa ssp macrocarpa,"Missouri Evening Primrose, Ozark Sundrop, Bigfruit Evening Primrose, Wingfruit Evening-Primrose",Oenothera,Onagraceae
Oenothera pallida,"Pale Evening Primrose, White Evening Primrose, Pale-Stemmed Evening Primrose",Oenothera,Onagraceae
Oenothera speciosa,"Pink Ladies, Showy Evening Primrose, Pink Primrose",Oenothera,Onagraceae
Opuntia humifusa,"Eastern Prickly Pear, Low Prickly Pear Cactus, Devil's Tongue, Indian Fig, Common Eastern Prickly Pear",Opuntia,Cactaceae
Orbexilum pedunculatum,"Sampson's Snakeroot, False Scurf-pea",Orbexilum,Fabaceae
Orobanche uniflora,"One-flowered Broomrape, One-flowered Cancer Root, Ghostpipe, Naked Broomrape",Orobanche,Orobanchaceae
Other,,#VALUE!,
Oxalis dillenii,"Slender Yellow Woodsorrel, Southern Yellow Wood-sorrel, Dillen's Oxalis",Oxalis,Oxalidaceae
Oxalis grandis,"Large Yellow Wood Sorrel, Great Yellow Wood-Sorrel",Oxalis,Oxalidaceae
Oxalis macrantha,"Price's Wood Sorrel, Tufted Yellow Woodsorrel",Oxalis,Oxalidaceae
Oxalis montana,"Mountain Wood Sorrel, Northern Wood Sorrel.",Oxalis,Oxalidaceae
Oxalis oregana,"Redwood Sorrel, Oregon Wood Sorrel, Oregon Oxalis",Oxalis,Oxalidaceae
Oxalis violacea,Violet Wood Sorrel,Oxalis,Oxalidaceae
Oxypolis rigidior,"Stiff Cowbane, Pig-potato, Common Water-Dropwort",Oxypolis,Apiaceae
Packera anonyma,"Small's Ragwort, Appalachian Ragwort, Southern Ragwort, Plain Ragwort",Packera,Asteraceae
Packera glabella,"Butterweed, Yellowtop, Cressleaf Groundsel, Floodplain Ragwort",Packera,Asteraceae
Paeonia brownii,Western Peony,Paeonia,Paeoniaceae
Panax trifolius,"Dwarf Ginseng, Ground Nut",Panax,Araliaceae
Papaver nudicaule,Iceland Poppy,Papaver,Papaveraceae
Papaver orientale,Oriental Poppy,Papaver,Papaveraceae
Parthenium integrifolium,"Wild Quinine, American Fever-few",Parthenium,Asteraceae
Passiflora incarnata,"Purple Passionflower, Maypop",Passiflora,Passifloraceae
Pedicularis canadensis,"Wood Betony, Canadian Lousewort",Pedicularis,Orobanchaceae
Pedicularis centranthera,"Dwarf Lousewort, Spring Lousewort, Great Basin Lousewort, Wood Betony",Pedicularis,Orobanchaceae
Pediomelum subacaule,"Nashville Breadroot, Whiterim Scurfpea, Glade Potato",Pediomelum,Fabaceae
Penstemon canescens,Eastern Gray Beardtongue,Penstemon,Plantaginaceae
Penstemon deustus,"Hot-rock Penstemon, Scabland penstemon, Hot-rock Beardtongue",Penstemon,Plantaginaceae
Penstemon digitalis,"Foxglove Beardtongue, Tall White Beardtongue, Mississippi Penstemon, Smooth White Beardtongue, Talus slope Beardtongue",Penstemon,Plantaginaceae
Penstemon payettensis,"Payette Beardtongue, Payette Penstemon",Penstemon,Plantaginaceae
Perilla frutescens,"Beefsteak Plant, Beefsteak Mint, Perilla Mint",Perilla,Lamiaceae
Peritoma serrulata,"Rocky Mountain Bee Plant, Stinking Clover, Skunk Weed, Navajo Spinach",Peritoma,Cleomaceae
Persicaria amphibia,"Water Knotweed, Swamp Smartweed, Water Smartweed",Persicaria,Polygonaceae
Persicaria punctata,"Dotted Smartweed, Dotted Knotweed, Water Smartweed",Persicaria,Polygonaceae
Persicaria virginiana,"Virginia Knotweed, Jumpseed",Persicaria,Polygonaceae
Petalonyx thurberi,Thurber's Sandpaper Plant,Petalonyx,Loasaceae
Phacelia bipinnatifida,"Purple Phacelia, Fernleaf Phacelia",Phacelia,Boraginaceae
Phacelia dubia,"Glade Phacelia, Smallflower Phacelia, Appalachian Phacelia, Georgia Phacelia, Central Basin Phacelia, Small-flowered Sco",Phacelia,Boraginaceae
Phacelia fimbriata,"Fringed Phacelia, White Fringed Phacelia, Fringed Scorpion-Weed, Blue Ridge Phacelia, Mountain Phacelia",Phacelia,Boraginaceae
Phacelia hastata,"Silverleaf Phacelia, Timberline Phacelia, Mountain Phacelia",Phacelia,Boraginaceae
Phacelia linearis,"Threadleaf Phacelia, Narrow Leaved Phacelia, Carson's Phacelia, Threadleaf Scorpionweed",Phacelia,Boraginaceae
Phacelia purshii,"Miami Mist, Purple Scorpionweed",Phacelia,Boraginaceae
Philadelphus lewisii,"Lewis' Mock Orange, Indian Arrowwood, Syringa, California Mock Orange",Philadelphus,Hydrangeaceae
Phlox amoena,"Hairy Phlox, Chalice Phlox",Phlox,Polemoniaceae
Phlox bifida,"Cleft Phlox, Glade Phlox, Ten-point Phlox, Sand Phlox, Starry Cleft Phlox",Phlox,Polemoniaceae
Phlox carolina,"Carolina Phlox, Summer Phlox, Thickleaf Phlox, Giant Phlox",Phlox,Polemoniaceae
Phlox diffusa,Spreading Phlox,Phlox,Polemoniaceae
Phlox divaricata,"Wild Blue Phlox, Woodland Phlox, Sweet William, Louisiana Phlox",Phlox,Polemoniaceae
Phlox glaberrima,"Smooth Phlox, Marsh Phlox",Phlox,Polemoniaceae
Phlox paniculata,"Fall Phlox, Garden phlox",Phlox,Polemoniaceae
Phlox pilosa,Downy Phlox,Phlox,Polemoniaceae
Phlox stolonifera,Creeping Phlox,Phlox,Polemoniaceae
Phryma leptostachya,"Lopseed, American Lopseed",Phryma,Phrymaceae
Phyla lanceolata,"Fogfruit, Lanceleaf Fogfruit, Northern Fogfruit",Phyla,Verbenaceae
Physalis virginiana,"Virginia Groundcherry, Ground Cherry, Lanceleaf Groundcherry, Hog Plum, Husk Tomato",Physalis,Solanaceae
Physostegia virginiana,"Obedient Plant, False Dragonhead, Obedience",Physostegia,Lamiaceae
Phytolacca americana,"American Pokeweed, Pokeberry, Inkberry, Poke Sallet",Phytolacca,Phytolaccaceae
Pilea cadierei,"Aluminium Plant, Watermelon Pilea",Pilea,Urticaceae
Plantago lanceolata,"Narrowleaf Plantain, English Plantain, Buckhorn, Lanceleaf Plantain, Ribwort, Buckhorn, Ribgrass",Plantago,Plantaginaceae
Plantago virginica,"Virginia Plantain, Dwarf Plantain, Southern Plantain, Hoary Plantain, Paleseed Indianwheat",Plantago,Plantaginaceae
Platanthera ciliaris,"Yellow Fringed Orchid, Orange Fringed Orchid",Platanthera,Orchidaceae
Platanthera clavellata,"Small Green Wood Orchid, Club-Spur Orchid, Green Rein Orchid, Wood Orchid, Small Woodland Orchid",Platanthera,Orchidaceae
Platanthera nivea,"Snowy Orchid, Bog Torch, Frog Spear, White Frog Arrow, White Rein Orchid",Platanthera,Orchidaceae
Platanthera psycodes,"Small Purple Fringed Orchid, Lesser Purple Fringed Orchid, Lesser Purple Fringed Bog-orchid",Platanthera,Orchidaceae
Platycodon grandiflorus,"Balloon Flower, Bellflower",Platycodon,Campanulaceae
Podophyllum peltatum,Mayapple,Podophyllum,Berberidaceae
Pogonia ophioglossoides,"Rose Pogonia, Snakemouth Orchid, Rose Crested Orchid, Beard Flower, Sweet Crest Orchid",Pogonia,Orchidaceae
Polemonium pulcherrimum,"Showy Jacob's Ladder, Jacob's Ladder, Skunky Polemonium, Skunkleaf Polemonium",Polemonium,Polemoniaceae
Polygala cruciata,"Drumheads, Crossleaf Milkwort, Candy Root",Polygala,Polygonaceae
Polygala lutea,"Orange Milkwort, Red-hot-poker, Candy Weed, Yellow Milkwort",Polygala,Polygonaceae
Polygala nuttallii,Nuttall's Milkwort,Polygala,Polygonaceae
Polygonatum biflorum,Smooth Solomon's Seal,Polygonatum,Asparagaceae
Polymnia canadensis,"Whiteflower Leafcup, White Bear's Foot, Smallflower Leafcup",Polymnia,Asteraceae
Pontederia cordata,"Pickerelweed, Lanceleaf Pickerelweed, Heartleaf Pickerelweed, Pickerel Rush",Pontederia,Pontederiaceae
Ponthieva racemosa,"Shadow Witch Orchid, Hairy Shadow Witch, Racemose Ponthieva",Ponthieva,Orchidaceae
Porteranthus trifoliatus,"Bowman's Root, False Ipecac, Fawn's Breath, Dropwort, Indian Hippo",Porteranthus,Rosaceae
portulaca grandiflora,Moss-Rose Purslane,portulaca,Portulacaceae
Potentilla canadensis,Dwarf Cinquefoil,Potentilla,Rosaceae
Potentilla recta,"Sulfur Cinquefoil, Roughfruit Cinquefoil",Potentilla,Rosaceae
Potentilla simplex,"Common Cinquefoil, Decumbent Five-finger, Old Field Cinquefoil",Potentilla,Rosaceae
Prenanthes serpentaria,"Cankerweed, Lion's Foot, Snakeweed, Earthgall, Butterweed",Prenanthes,Asteraceae
Primula vulgaris,True Primrose,Primula,Primulaceae
Prosartes lanuginosa,"Yellow Fairybells, Yellow Mandarin",Prosartes,Liliaceae
Prosartes maculata,"Nodding Mandarin, Spotted Mandarin, Spotted Fairybells",Prosartes,Liliaceae
Prunella vulgaris,"Heal-All, Common Selfheal",Prunella,Lamiaceae
Prunus americana,"American Plum, Wild Plum",Prunus,Rosaceae
Prunus virginiana,"Chokecherry, Western Chokecherry, Black Chokecherry",Prunus,Rosaceae
Pueraria montana,"Kudzu, Vine-that-ate-the-South",Pueraria,Fabaceae
Purshia stansburiana,"Stansbury's Cliffrose, Cliff Rose, Quininebush",Purshia,Rosaceae
Pycnanthemum incanum,Hoary Mountain Mint,Pycnanthemum,Lamiaceae
Pyrola americana,"American Wintergreen, Round-leaved Pyrola, Rounded Shinleaf",Pyrola,Ericaceae
Ranunculus abortivus,"Littleleaf Buttercup, Littleleaf Crowfoot",Ranunculus,Ranunculaceae
Ranunculus asiaticus,Persian Buttercup,Ranunculus,Ranunculaceae
Ranunculus bulbosus,Bulbous Buttercup,Ranunculus,Ranunculaceae
Ranunculus glaberrimus,"Sagebrush Buttercup, Shiny-leaved Buttercup, Early Buttercup, Elliptical Buttercup",Ranunculus,Ranunculaceae
Ratibida columnifera,"Mexican Hat, Long-Headed Coneflower, Red Coneflower, Upright Prairie Coneflower, Thimbleflower",Ratibida,Asteraceae
Ratibida pinnata,"Pinnate Prairie Coneflower, Yellow Coneflower, Grayhead Coneflower",Ratibida,Asteraceae
Rhexia mariana,"Maryland Meadow Beauty, Pale Meadow Beauty",Rhexia,Melastomataceae
Rhododendron calendulaceum,Flame Azalea,Rhododendron,Ericaceae
Rhododendron canescens,"Florida Pinxter, Mountain Azalea, Pink Azalea, Hoary Azalea",Rhododendron,Ericaceae
Rhododendron catawbiense,"Catawba Rhododendron, Mountain Rosebay,Purple Rhododendron",Rhododendron,Ericaceae
Rhododendron maximum,"Rosebay Rhododendron, Great Laurel, White Laurel",Rhododendron,Ericaceae
Rhododendron periclymenoides,"Pink Azalea, Pinxter Flower",Rhododendron,Ericaceae
Rhus aromatica,"Fragrant Sumac, Aromatic Sumac, Squawbush, Skunkbush, Lemon Sumac, Polecat Bush",Rhus,Anacardiaceae
Rhus copallinum,"Winged Sumac, Shining Sumac, Flameleaf Sumac, Dwarf Sumac, Eastern Winged Sumac",Rhus,Anacardiaceae
Rhus glabra,"Smooth Sumac, Scarlet Sumac",Rhus,Anacardiaceae
Rhynchospora latifolia,"Broadleaf White-topped Sedge, Sandswamp Whitetop Sedge",Rhynchospora,Cyperaceae
Richardia grandiflora,"Largeflower Mexican Clover, Largeflower Pusley, Florida Snow",Richardia,Rubiaceae
Rosa canina,"Dog Rose, Dog Brier, Common Briar",Rosa,Rosaceae
Rosa multiflora,Multiflora Rose,Rosa,Rosaceae
Rosa palustris,"Swamp Rose, Marsh Rose",Rosa,Rosaceae
Rosa setigera,"Prairie Rose, Climbing Rose, Climbing Prairie Rose, Climbing Wild Rose, Illinois Rose, Michigan Rose",Rosa,Rosaceae
Rosa woodsii,"Woods Rose, Common Wild Rose, Mountain Rose",Rosa,Rosaceae
Rubus argutus,"Sawtooth Blackberry, Southern Blackberry, Highbush Blackberry",Rubus,Rosaceae
Rubus flagellaris,"Northern Dewberry, Common Dewberry",Rubus,Rosaceae
Rubus odoratus,"Purple-flowering Raspberry, Thimbleberry",Rubus,Rosaceae
Rubus parviflorus,"Thimbleberry, Western Thimbleberry, Salmonberry, Mountain Sorrel, White Flowering Raspberry, Western Thimble Raspberry",Rubus,Rosaceae
Rudbeckia fulgida,Orange Coneflower,Rudbeckia,Asteraceae
Rudbeckia hirta,Black-Eyed Susan,Rudbeckia,Asteraceae
Rudbeckia laciniata,"Green-headed Coneflower, Cutleaf Coneflower, Golden Glow",Rudbeckia,Asteraceae
Rudbeckia triloba,"Browneyed Susan, Thin-leaf Coneflower, Three-lobed Coneflower",Rudbeckia,Asteraceae
Ruellia caroliniensis,Carolina Wild Petunia,Ruellia,Acanthaceae
Ruellia tuberosa,"Minnieroot, Fever Root, Snapdragon Root, Sheep Potato",Ruellia,Acanthaceae
Rugelia nudicaulis,"Rugelia, Rugel's Indian Plantain, Rugel's Ragwort, Winter Well",Rugelia,Asteraceae
Russelia equisetiformis,"Fountainbush, Firecracker Plant, Coral Plant, Coral Fountain, Coralblow, Fountain Plant",Russelia,Plantaginaceae
Sabatia angularis,"Rose Pink, Bitterbloom, Square-stemmed Sabbatia, Rose Gentian",Sabatia,Gentianaceae
Sabatia capitata,"Appalachian Rose Gentian, Cumberland Rose Gentian",Sabatia,Gentianaceae
Sagittaria latifolia,"Common Arrowhead, Arrowleaf, Burhead, Wapato, Duck-potato, Broadleaf Arrowhead",Sagittaria,Alismataceae
Salvia lyrata,Lyreleaf Sage,Salvia,Lamiaceae
Salvia splendens,Scarlet Sage,Salvia,Lamiaceae
Salvia urticifolia,"Nettleleaf Sage, Wild Sage",Salvia,Lamiaceae
Salvia yangii,Russian Sage,Salvia,Lamiaceae
Sambucus nigra ssp canadensis,"Common Elderberry, American Elderberry, American Black Elderberry",Sambucus,Adoxaceae
Sambucus nigra ssp cerulea,"Western Blue Elder, Blue Elderberry",Sambucus,Adoxaceae
Sambucus racemosa,"Red Elderberry, Red Elder, Rocky Mountain Elder, Scarlet Elderberry",Sambucus,Adoxaceae
Sanguinaria canadensis,"Bloodroot, Red Indian Paint, Red Puccoon",Sanguinaria,Papaveraceae
Sanguisorba minor,"Small Burnet, Salad burnet, Garden burnet",Sanguisorba,Rosaceae
Saponaria officinalis,"Bouncing Bet, Common Soapwort, Crow Soap, Wild Sweet William, Soapweed",Saponaria,Caryophyllaceae
Sarracenia oreophila,Green Pitcher Plant,Sarracenia,Sarraceniaceae
Scaevola aemula,"Fairy Fan-Flower, Common Fan-Flower",Scaevola,Goodeniaceae
Scilla siberica,Siberian Squill,Scilla,Asparagaceae
Scutellaria angustifolia,"Narrowleaf Skullcap, Small-flowered Skullcap",Scutellaria,Lamiaceae
Scutellaria elliptica,Hairy Skullcap,Scutellaria,Lamiaceae
Scutellaria integrifolia,"Helmet Flower, Hissopleaf Skullcap, Helmet Skullcap, Hyssop Skullcap",Scutellaria,Lamiaceae
Scutellaria ovata,Heartleaf skullcap,Scutellaria,Lamiaceae
Scutellaria parvula,"Small Skullcap, Dwarf Skullcap, Little Skullcap",Scutellaria,Lamiaceae
Scutellaria pseudoserrata,"Southern Showy Skullcap, Falseteeth skullcap",Scutellaria,Lamiaceae
Sedum leibergii,Leiberg Stonecrop,Sedum,Crassulaceae
Sedum pulchellum,"Widow's Cross, Glade Stonecrop, Widowscross, Lime Stonecrop, Pink Stonecrop",Sedum,Crassulaceae
Sedum stenopetalum,"Wormleaf Stonecrop, Narrow-leaved Sedum",Sedum,Crassulaceae
Sedum ternatum,"Woodland Stonecrop, Wild Stonecrop, Woods Stonecrop",Sedum,Crassulaceae
Senna marilandica,Southern Wild Senna,Senna,Fabaceae
Senna obtusifolia,"Sicklepod, Sicklepod Senna, Java Bean, Blunt-leaf Senna, Chinese Senna, Arsenic Weed",Senna,Fabaceae
Sesuvium portulacastrum,"Sea Purslane, Sea Pickle, Shoreline Seapurslane",Sesuvium,Aizoaceae
Sherardia arvensis,"Field Madder, blue fieldmadder, Spurwort",Sherardia,Rubiaceae
Shortia galacifolia,"Oconee Bells, Acony Bell, Southern Oconee-bells, Northern Oconee-bells, Shortia",Shortia,Diapensiaceae
Sicyos angulatus,"Bur Cucumber, Oneseed Bur Cucumber, Star Cucumber",Sicyos,Cucurbitaceae
Silene latifolia,"White Campion, White Cockle, Evening Lychnis",Silene,Caryophyllaceae
Silene regia,Royal Catchfly,Silene,Caryophyllaceae
Silene rotundifolia,Roundleaf Catchfly,Silene,Caryophyllaceae
Silene stellata,"Starry Campion, Widow's Frill",Silene,Caryophyllaceae
Silene virginica,"Fire Pink, Scarlet Catchfly",Silene,Caryophyllaceae
Silphium brachiatum,Cumberland Rosinweed,Silphium,Asteraceae
Silphium mohrii,"Mohr's Rosinweed, Shaggy Rosinweed",Silphium,Asteraceae
Silphium perfoliatum,Cup plant,Silphium,Asteraceae
Silphium pinnatifidum,"Cutleaf Rosinweed, Cutleaf Prairie Dock, Tansy Rosinweed, Southern Dock",Silphium,Asteraceae
Silphium trifoliatum,"Whorled Rosinweed, Three-leaved Rosinweed",Silphium,Asteraceae
Silybum marianum,Milk Thistle,Silybum,Asteraceae
Sisyrinchium angustifolium,"Blue-eyed Grass, Stout Blue-eyed Grass, Narrowleaf Blue-eyed Grass",Sisyrinchium,Iridaceae
Sisyrinchium californicum,Yellow-Eyed Grass,Sisyrinchium,Iridaceae
Sisyrinchium mucronatum,"Needletip Blue-eyed Grass, Michaux's Blue-eyed-Grass, Slender Blue-eyed Grass, Narrow-Leaved Blue-eyed-Grass",Sisyrinchium,Iridaceae
Smallanthus uvedalius,"Hairy Leafcup, Bear's Foot, Yellow Leafcup, Uvedalia",Smallanthus,Asteraceae
Smilax herbacea,"Smooth Carrionflower, Jacob's Ladder, Common Carrion-flower",Smilax,Smilacaceae
Solanum carolinense,"Carolina Horse Nettle, Bull Nettle, Devil's Tomato",Solanum,Solanaceae
Solanum dulcamara,"Climbing Nightshade, Bittersweet Nightshade, Woody Nightshade, European Bittersweet, Fellenwort, Blue Nightshade",Solanum,Solanaceae
Solidago altissima,"Tall Goldenrod, Late Goldenrod, Canada Goldenrod",Solidago,Asteraceae
Solidago curtisii,"Curtis' Goldenrod, Mountain Decumbent Goldenrod",Solidago,Asteraceae
Solidago flexicaulis,"Zigzag Goldenrod, Broadleaf Goldenrod",Solidago,Asteraceae
Solidago speciosa,Showy Goldenrod,Solidago,Asteraceae
Sphaeralcea hastulata,"Spear Globemallow, Spreading Globemallow, Wrinkled Globe Mallow",Sphaeralcea,Malvaceae
Sphagneticola trilobata,"Bay Biscayne Creeping-Oxeye, Singapore Daisy, Creeping-Oxeye, Trailing Daisy, Wedelia",Sphagneticola,Asteraceae
Spigelia marilandica,"Indian Pink, Woodland Pinkroot, Worm grass",Spigelia,Loganiaceae
Spiraea alba,"White Meadowsweet, Narrowleaf Meadowsweet, Eastern Meadowsweet, Broadleaf Meadowsweet",Spiraea,Rosaceae
Spiranthes lacera,"Ladies' Tresses, Northern Slender Lady's Tresses, Southern Slender Ladies' Tresses",Spiranthes,Orchidaceae
Stanleya pinnata,"Desert Prince's Plume, Golden Prince's Plume, Golden Desert Plume, Sentinel Of The Plains",Stanleya,Brassicaceae
Staphylea trifolia,American Bladdernut,Staphylea,Staphyleaceae
Stellaria media,Common Chickweed,Stellaria,Caryophyllaceae
Stellaria pubera,Star Chickweed,Stellaria,Caryophyllaceae
Stenanthium leimanthoides,Pine Barren Death Camas,Stenanthium,Melanthiaceae
Streptanthus cordatus,"Heartleaf Twistflower, Heart-Leaved Jewelflower",Streptanthus,Brassicaceae
Stylophorum diphyllum,"Wood Poppy, Celandine Poppy",Stylophorum,Papaveraceae
Stylosanthes biflora,"Pencil Flower, Endbeak Pencilflower, Sidebeak Pencilflower",Stylosanthes,Fabaceae
Symphoricarpos albus,"Common Snowberry, Upright Snowberry",Symphoricarpos,Caprifoliaceae
Symphyotrichum novae-angliae,"New England Aster, Michaelmas-daisy",Symphyotrichum,Asteraceae
Symphyotrichum patens,"Late Purple Aster, Spreading Aster",Symphyotrichum,Asteraceae
Symphyotrichum pilosum,"Hairy White Oldfield Aster, Frost Aster, White Heath Aster, Downy Aster",Symphyotrichum,Asteraceae
Synthyris missurica,"Tailed Kittentails, Mountain Kittentails, Mountain Kittentoes",Synthyris,Plantaginaceae
Syringa vulgaris,Lilac,Syringa,Oleaceae
Tagetes patula,French Marigold,Tagetes,Asteraceae
Tanacetum coccineum,"Painted Daisy, Pyrethrum",Tanacetum,Asteraceae
Tanacetum vulgare,"Common Tansy, Golden Buttons, Bitter Buttons, Cow Bitter, Garden Tansy",Tanacetum,Asteraceae
Taraxacum officinale,Dandelion,Taraxacum,Asteraceae
Tephrosia virginiana,"Goat's Rue, Virginia Tephrosia, Catgut, Hoary-pea, Rabbit-pea",Tephrosia,Fabaceae
Teucrium canadense,"American Germander, Wood Sage, Canada Germander",Teucrium,Lamiaceae
Thalictrum occidentale,"Western Meadow-rue, Western Meadowrue, Meadow Rue",Thalictrum,Ranunculaceae
Thalictrum revolutum,"Skunk Meadow Rue, Waxyleaf Meadowrue, Purple Meadow-rue",Thalictrum,Ranunculaceae
Thalictrum thalictroides,"Rue Anemone, Anemone Meadow-rue",Thalictrum,Ranunculaceae
Thaspium barbinode,Hairyjoint Meadow Parsnip,Thaspium,Apiaceae
Thaspium trifoliatum,"Smooth Meadow Parsnip, Woodland Meadow Parsnip, Yellow Meadow Parsnip, Purple Meadow Parsnip",Thaspium,Apiaceae
Thermopsis fraxinifolia,"Ashleaf Goldenbanner, Ash-leaved Bush Pea, Ashleaf Golden Banner",Thermopsis,Fabaceae
Thermopsis mollis,"Appalachian Goldenbanner, Downy Bush-pea, Allegheny Mountain Golden Banner, Piedmont Bush Pea, Soft-haired Thermopsis",Thermopsis,Fabaceae
Thermopsis montana,"Mountain Goldenbanner, Mountain Thermopsis, False Lupin, Golden pea, Buckbean",Thermopsis,Fabaceae
Tiarella cordifolia ,"Heartleaf Foamflower, False Miterwort, Coalwort, Coolwort, False Bitterroot",Tiarella,Saxifragaceae
Tilia americana,Basswood,Tilia,Malvaceae
Tilia cordata,Little-leaf Linden,Tilia,Malvaceae
Tilia platyphyllos,Large-leaved Lime,Tilia,Malvaceae
Tipularia discolor,"Tipularia, Cranefly Orchid, Crippled Cranefly Orchid",Tipularia,Orchidaceae
Torenia fournieri,"Bluewings, Wishbone Flower",Torenia,Linderniaceae
Torilis arvensis,"Spreading Hedge Parsley, Field Hedge Parsley, Common Hedge Parsley",Torilis,Apiaceae
Toxicodendron radicans,Eastern Poison Ivy,Toxicodendron,Anacardiaceae
Toxicodendron rydbergii,"Western Poison Ivy, Northern Poison Ivy",Toxicodendron,Anacardiaceae
Toxicoscordion paniculatum,"Foothill Death Camas, Foothills Deathcamas, Panicled Death Camas, Sand-corn",Toxicoscordion,Melanthiaceae
Trachelium caeruleum,Blue Throatwort,Trachelium,Campanulaceae
Tradescantia subaspera,"Zigzag Spiderwort, Wideleaf Spiderwort",Tradescantia,Commelinaceae
Tradescantia virginiana,Virginia Spiderwort,Tradescantia,Commelinaceae
Tragopogon dubius,"Yellow Salsify, Yellow Goatsbeard, Western Salsify, Wild Oysterplant",Tragopogon,Asteraceae
Trautvetteria caroliniensis,"Tassel Rue, False Bugbane, Carolina Bugbane",Trautvetteria,Ranunculaceae
Tribulus cistoides,"Jamaican Feverplant, Nohu, False Puncture Vine, Spiny-fruited Caltrop",Tribulus,Zygophyllaceae
Trichostema brachiatus,"False Pennyroyal, Fluxweed, Glade Bluecurls",Trichostema,Lamiaceae
Tridax procumbens,"Coatbuttons, Tridax Daisy, Tridax, Cadillo Chisaca",Tridax,Asteraceae
Trifolium campestre,"Low-Hop Clover, Field Clover, Large Hop Clover, Hop Trefoil",Trifolium,Fabaceae
Trifolium eriocephalum,"Woolly Head Clover, Hairy Head Clover, Cascade Clover, Cusick's Clover, Martin's Clover, Fuzzyleaf Clover",Trifolium,Fabaceae
Trifolium incarnatum,"Crimson Clover, Italian Clover",Trifolium,Fabaceae
Trifolium pratense,"Red Clover, Cowgrass",Trifolium,Fabaceae
Trifolium repens,White Clover,Trifolium,Fabaceae
Trillium catesbaei,"Catesby's Trillium, Bashful Wakerobin, Rose Trillium",Trillium,Melanthiaceae
Trillium cuneatum,"Little Sweet Betsy, Purple Toadshade, Large Toadshade, Wedge-petal Trillium, Bloody Butcher",Trillium,Melanthiaceae
Trillium decumbens,Trailing Trillium,Trillium,Melanthiaceae
Trillium erectum,"Red Trillium, Stinking Benjamin, Red Wakerobin, Wet Dog Trillium, Purple Wakerobin",Trillium,Melanthiaceae
Trillium flexipes,"White Trillium, Nodding Wakerobin, Bent White Trillium, Bent Trillium, Drooping Trillium, Declined Trillium",Trillium,Melanthiaceae
Trillium grandiflorum,"Large-Flowered Trillium, Great White Trillium, White Trillium",Trillium,Melanthiaceae
Trillium lancifolium,"Lanceleaf Trillium, Lanceleaf Wakerobin",Trillium,Melanthiaceae
Trillium luteum,"Yellow Trillium, Yellow Wakerobin",Trillium,Melanthiaceae
Trillium maculatum,"Spotted Wakerobin, Spotted Trillium",Trillium,Melanthiaceae
Trillium ovatum,"Western Trillium, Western White Trillium, Pacific Trillium, Oettinger's Trillium",Trillium,Melanthiaceae
Trillium petiolatum,"Idaho Trillium, Long-petioled Trillium, Purple Trillium, Round Leaf Trillium, Purple Wakerobin",Trillium,Melanthiaceae
Trillium sessile,Toadshade Trillium,Trillium,Melanthiaceae
Trillium simile,"Sweet White Trillium, Jeweled Wakerobin, Confusing Trillium",Trillium,Melanthiaceae
Trillium sulcatum,"Southern Red Trillium, Barksdale Trillium, Furrowed Wakerobin",Trillium,Melanthiaceae
Trillium undulatum,"Painted Trillium, Painted Wakerobin, Painted Lady",Trillium,Melanthiaceae
Trillium vaseyi,"Vasey's Trillium, Sweet Wakerobin",Trillium,Melanthiaceae
Trillium viridescens,"Green Trillium, Ozark Green Trillium, Tapertip Wakerobin",Trillium,Melanthiaceae
Triodanis perfoliata,"Venus' Looking Glass, Clasping Bellwort, Clasping Venus' Looking Glass, Roundleaved Triodanis",Triodanis,Campanulaceae
Triosteum angustifolium,"Yellow Horse Gentian, Yellowfruit Horsegentian, Narrow-leaved Horse-gentian, Lesser Horse-gentian, Yellow Tinkers Weed",Triosteum,Caprifoliaceae
Triphora trianthophoros,"Three Bird Orchid, Threebirds, Nodding Pogonia, Nodding Ettercap",Triphora,Orchidaceae
Triteleia grandiflora,"Large-flowered Triplet-lily, Douglas' Brodiaea, Wild Hyacinth",Triteleia,Asparagaceae
Tritonia crocata,Flame Freesia,Tritonia,Iridaceae
Utricularia subulata,"Zigzag Bladderwort, Slender Bladderwort",Utricularia,Lentibulariaceae
Uvularia grandiflora,Large-flowered Bellwort,Uvularia,Colchicaceae
Uvularia perfoliata,"Perfoliate Bellwort, Merry Bells",Uvularia,Colchicaceae
Uvularia puberula,"Mountain Bellwort, Carolina Bellwort, Appalachian Bellwort, Coastal Bellwort",Uvularia,Colchicaceae
Uvularia sessilifolia,"Sessileleaf Bellwort, Wild Oats",Uvularia,Colchicaceae
Vaccaria hispanica,"Cowcockle, Cow Soapwort, Cowherb",Vaccaria,Caryophyllaceae
Vaccinium elliottii,"Elliott's Blueberry, Mayberry, High Bush Blueberry",Vaccinium,Ericaceae
Verbascum blattaria,Moth Mullein,Verbascum,Scrophulariaceae
Verbascum thapsus,"Common Mullein, Great Mullein, Cowboy Toilet Paper, Flannel-plant",Verbascum,Scrophulariaceae
Verbena simplex,"Narrowleaf Vervain, Simple Verbena",Verbena,Verbenaceae
Verbena urticifolia,"White Vervain, Nettle-leaf Verbena",Verbena,Verbenaceae
Verbesina alternifolia,"Wingstem, Yellow Ironweed",Verbesina,Asteraceae
Verbesina occidentalis,Yellow Crownbeard,Verbesina,Asteraceae
Verbesina virginica,"White Crownbeard, Frostweed, Iceplant, Virginia crownbeard",Verbesina,Asteraceae
Vernonia gigantea,"Tall Ironweed, Giant Ironweed, Ironweed",Vernonia,Asteraceae
Veronica anagallis-aquatica,"Water Speedwell, Sessile Water-speedwell, Brook-pimpernell, Blue Water Speedwell",Veronica,Plantaginaceae
Veronica persica,"Bird's Eye Speedwell, Persian Speedwell, Birdeye Speedwell, Winter Speedwell",Veronica,Plantaginaceae
Viburnum acerifolium,Mapleleaf Viburnum,Viburnum,Adoxaceae
Viburnum dentatum,"Southern Arrowwood, Arrowwood Viburnum",Viburnum,Adoxaceae
Viburnum lantanoides,"Hobblebush, Witch Hobble, Hobbleberry",Viburnum,Adoxaceae
Vicia caroliniana,"Wood Vetch, Carolina Vetch, Pale Vetch",Vicia,Fabaceae
Vinca major,"Bigleaf Periwinkle, Large Periwinkle, Greater Periwinkle",Vinca,Apocynaceae
Vinca minor,"Small Periwinkle, Common Periwinkle, Dwarf Periwinkle, Lesser Periwinkle, Creeping Myrtle",Vinca,Apocynaceae
Viola bicolor,"Field Pansy, Wild Pansy, Johnny Jump-up",Viola,Violaceae
Viola blanda,Sweet White Violet,Viola,Violaceae
Viola canadensis,Canada Violet,Viola,Violaceae
Viola egglestonii,"Glade Violet, Eggleston's Violet",Viola,Violaceae
Viola hastata,"Halberdleaf Yellow Violet, Halberd Leaf Yellow Violet",Viola,Violaceae
Viola lanceolata,"Lanceleaf Violet, Bog White Violet, Strapleaf Violet",Viola,Violaceae
Viola palmata,"Wood Violet, Early Blue Violet, Trilobed Violet",Viola,Violaceae
Viola papilionacea,Wooly Blue Violet,Viola,Violaceae
Viola pedata,Bird's-foot violet,Viola,Violaceae
Viola pubescens,"Yellow Violet, Downy Yellow Violet, Smooth Yellow Violet, Yellow Forest Violet",Viola,Violaceae
Viola purpurea,"Goosefoot Violet, Goosefoot Yellow Violet, Mountain Violet",Viola,Violaceae
Viola rostrata,Long-spurred violet,Viola,Violaceae
Viola sororia,"Common Blue Violet, Confederate Violet, Dooryard Violet, Meadow Violet, Wild Violet",Viola,Violaceae
Viola tricolor,Pansy,Viola,Violaceae
Viola tripartita,"Three-parted Yellow Violet, Threepart Violet, Wedge-leaf Yellow Violet",Viola,Violaceae
Vitis riparia,Riverbank Grape,Vitis,Vitaceae
Vitis rotundifolia,Muscadine Grape,Vitis,Vitaceae
Vitis vinifera,Wine Grape,Vitis,Vitaceae
Wyethia helianthoides,"White Mule's Ears, White Wyethia, White-rayed Wyethia",Wyethia,Asteraceae
Xanthoceras sorbifolium,Yellowhorn,Xanthoceras,Sapindaceae
Xanthorhiza simplicissima,Shrub Yellowroot,Xanthorhiza,Ranunculaceae
Xerochrysum bracteatum,"Golden Everlasting, Strawflower",Xerochrysum,Asteraceae
Xyris difformis,Bog Yellow-Eyed Grass,Xyris,Xyridaceae
Zephyranthes atamasco,"Atamasco Lily, Rain Lily, Easter-lily, Naked Lady",Zephyranthes,Amaryllidaceae
Zinnia elegans,"Common Zinnia, Elegant Zinnia",Zinnia,Asteraceae
Zizia aptera,"Heartleaf Alexander, Meadowparsnip, Meadow Zizia",Zizia,Apiaceae
Zizia aurea,"Golden Alexander, Golden Zizia",Zizia,Apiaceae
Zizia trifoliata,Meadow Alexander,Zizia,Apiaceae
